sno,observationdate,province/state,country/region,last update,confirmed,deaths,recovered
13,01/22/2020,Hong Kong,Hong Kong,1/22/2020 17:00,0,0,0
53,01/23/2020,Hong Kong,Hong Kong,1/23/20 17:00,2,0,0
114,01/24/2020,Hong Kong,Hong Kong,1/24/20 17:00,2,0,0
156,01/25/2020,Hong Kong,Hong Kong,1/25/20 17:00,5,0,0
201,01/26/2020,Hong Kong,Hong Kong,1/26/20 16:00,8,0,0
252,01/27/2020,Hong Kong,Hong Kong,1/27/20 23:59,8,0,0
310,01/28/2020,Hong Kong,Hong Kong,1/28/20 23:00,8,0,0
361,01/29/2020,Hong Kong,Hong Kong,1/29/20 19:30,10,0,0
419,01/30/2020,Hong Kong,Hong Kong,1/30/20 16:00,10,0,0
479,01/31/2020,Hong Kong,Hong Kong,1/31/2020 23:59,12,0,0
546,02/01/2020,Hong Kong,Hong Kong,2/1/2020 5:37,13,0,0
615,02/02/2020,Hong Kong,Hong Kong,2020-02-02T23:53:02,15,0,0
684,02/03/2020,Hong Kong,Hong Kong,2020-02-02T23:53:02,15,0,0
754,02/04/2020,Hong Kong,Hong Kong,2020-02-04T09:03:02,17,1,0
826,02/05/2020,Hong Kong,Hong Kong,2020-02-05T13:13:10,21,1,0
899,02/06/2020,Hong Kong,Hong Kong,2020-02-06T14:43:02,24,1,0
971,02/07/2020,Hong Kong,Hong Kong,2020-02-07T11:53:02,25,1,0
1046,02/08/2020,Hong Kong,Hong Kong,2020-02-08T00:03:07,26,1,0
1120,02/09/2020,Hong Kong,Hong Kong,2020-02-09T09:53:02,29,1,0
1193,02/10/2020,Hong Kong,Hong Kong,2020-02-10T10:13:06,38,1,0
1266,02/11/2020,Hong Kong,Hong Kong,2020-02-11T09:43:02,49,1,0
1341,02/12/2020,Hong Kong,Hong Kong,2020-02-12T09:53:02,50,1,1
1417,02/13/2020,Hong Kong,Hong Kong,2020-02-13T14:53:02,53,1,1
1493,02/14/2020,Hong Kong,Hong Kong,2020-02-14T09:03:12,56,1,1
1570,02/15/2020,Hong Kong,Hong Kong,2020-02-14T09:03:12,56,1,1
1648,02/16/2020,Hong Kong,Hong Kong,2020-02-16T09:53:01,57,1,2
1725,02/17/2020,Hong Kong,Hong Kong,2020-02-17T22:53:01,60,1,2
1802,02/18/2020,Hong Kong,Hong Kong,2020-02-18T23:43:02,62,1,2
1879,02/19/2020,Hong Kong,Hong Kong,2020-02-19T12:13:08,63,2,5
1958,02/20/2020,Hong Kong,Hong Kong,2020-02-20T23:13:05,68,2,6
2036,02/21/2020,Hong Kong,Hong Kong,2020-02-21T03:43:02,68,2,5
2122,02/22/2020,Hong Kong,Hong Kong,2020-02-22T13:23:05,69,2,6
2208,02/23/2020,Hong Kong,Hong Kong,2020-02-23T09:53:02,74,2,11
2293,02/24/2020,Hong Kong,Hong Kong,2020-02-24T11:23:06,79,2,19
2386,02/25/2020,Hong Kong,Hong Kong,2020-02-25T09:43:02,84,2,19
2481,02/26/2020,Hong Kong,Hong Kong,2020-02-26T23:43:02,91,2,24
2584,02/27/2020,Hong Kong,Hong Kong,2020-02-27T09:53:02,92,2,24
2689,02/28/2020,Hong Kong,Hong Kong,2020-02-28T10:03:12,94,2,30
2807,02/29/2020,Hong Kong,Hong Kong,2020-02-29T23:53:02,95,2,33
2929,03/01/2020,Hong Kong,Hong Kong,2020-03-01T14:33:16,96,2,36
3057,03/02/2020,Hong Kong,Hong Kong,2020-03-02T23:53:02,100,2,36
3200,03/03/2020,Hong Kong,Hong Kong,2020-03-03T11:53:01,100,2,37
3353,03/04/2020,Hong Kong,Hong Kong,2020-03-04T23:23:01,105,2,37
3517,03/05/2020,Hong Kong,Hong Kong,2020-03-05T00:23:07,105,2,43
3696,03/06/2020,Hong Kong,Hong Kong,2020-03-06T23:13:06,107,2,46
3898,03/07/2020,Hong Kong,Hong Kong,2020-03-07T10:13:22,108,2,51
4125,03/08/2020,Hong Kong,Hong Kong,2020-03-08T14:43:03,114,3,58
4384,03/09/2020,Hong Kong,Hong Kong,2020-03-09T10:03:17,115,3,59
4656,03/10/2020,Hong Kong,Hong Kong,2020-03-10T23:53:02,120,3,65
4865,03/11/2020,Hong Kong,Hong Kong,2020-03-11T18:52:03,126,3,65
5083,03/12/2020,Hong Kong,Hong Kong,2020-03-12T01:53:02,129,3,67
5278,03/13/2020,Hong Kong,Hong Kong,2020-03-13T13:33:03,134,4,77
5540,03/14/2020,Hong Kong,Hong Kong,2020-03-14T12:53:06,140,4,78
5791,03/15/2020,Hong Kong,Hong Kong,2020-03-15T18:20:18,145,4,81
6060,03/16/2020,Hong Kong,Hong Kong,2020-03-16T14:38:45,155,4,84
6341,03/17/2020,Hong Kong,Hong Kong,2020-03-17T10:13:11,162,4,88
6620,03/18/2020,Hong Kong,Hong Kong,2020-03-18T09:33:05,181,4,92
6911,03/19/2020,Hong Kong,Hong Kong,2020-03-19T09:53:20,208,4,95
7204,03/20/2020,Hong Kong,Hong Kong,2020-03-20T09:43:03,256,4,98
7511,03/21/2020,Hong Kong,Hong Kong,2020-03-21T09:13:14,273,4,98
7948,03/22/2020,Hong Kong,Hong Kong,3/8/20 5:31,317,4,100
8250,03/23/2020,Hong Kong,Hong Kong,2020-03-23 23:23:20,356,4,100
8551,03/24/2020,Hong Kong,Hong Kong,2020-03-24 23:41:50,386,4,101
8858,03/25/2020,Hong Kong,Hong Kong,2020-03-25 23:37:49,410,4,102
9167,03/26/2020,Hong Kong,Hong Kong,2020-03-26 23:53:24,453,4,110
9479,03/27/2020,Hong Kong,Hong Kong,2020-03-27 23:27:48,519,4,110
9794,03/28/2020,Hong Kong,Hong Kong,3/8/20 5:31,561,4,112
10110,03/29/2020,Hong Kong,Hong Kong,3/8/20 5:31,641,4,112
10427,03/30/2020,Hong Kong,Hong Kong,3/8/20 5:31,682,4,123
10745,03/31/2020,Hong Kong,Hong Kong,2020-03-31 23:49:27,714,4,128
11063,04/01/2020,Hong Kong,Hong Kong,2020-04-01 22:04:58,765,4,147
11383,04/02/2020,Hong Kong,Hong Kong,4/2/20 8:53,802,4,147
11703,04/03/2020,Hong Kong,Hong Kong,2020-04-03 22:52:45,845,4,173
12024,04/04/2020,Hong Kong,Hong Kong,4/4/20 9:38,862,4,173
12346,04/05/2020,Hong Kong,Hong Kong,2020-04-05 23:13:44,890,4,206
12670,04/06/2020,Hong Kong,Hong Kong,4/6/20 9:37,914,4,216
12994,04/07/2020,Hong Kong,Hong Kong,2020-04-07 23:11:31,935,4,216
13318,04/08/2020,Hong Kong,Hong Kong,2020-04-08 22:59:00,960,4,264
13642,04/09/2020,Hong Kong,Hong Kong,2020-04-09 23:09:19,973,4,293
13967,04/10/2020,Hong Kong,Hong Kong,2020-04-10 23:01:43,989,4,309
14292,04/11/2020,Hong Kong,Hong Kong,2020-04-11 22:52:46,1000,4,336
14616,04/12/2020,Hong Kong,Hong Kong,2020-04-12 23:25:00,1004,4,360
14940,04/13/2020,Hong Kong,Hong Kong,2020-04-13 23:15:42,1009,4,360
15264,04/14/2020,Hong Kong,Hong Kong,2020-04-14 23:41:11,1012,4,434
15588,04/15/2020,Hong Kong,Hong Kong,2020-04-15 23:04:26,1017,4,459
15912,04/16/2020,Hong Kong,Hong Kong,2020-04-16 23:38:19,1017,4,485
16236,04/17/2020,Hong Kong,Hong Kong,2020-04-17 23:38:48,1021,4,533
16560,04/18/2020,Hong Kong,Hong Kong,2020-04-18 22:40:18,1024,4,568
16884,04/19/2020,Hong Kong,Hong Kong,2020-04-19 23:49:05,1025,4,602
17208,04/20/2020,Hong Kong,Hong Kong,2020-04-20 23:44:50,1025,4,630
17532,04/21/2020,Hong Kong,Hong Kong,2020-04-21 23:39:09,1029,4,650
17855,04/22/2020,Hong Kong,Hong Kong,2020-04-22 23:38:57,1033,4,678
18179,04/23/2020,Hong Kong,Hong Kong,2020-04-24 03:31:35,1035,4,699
18503,04/24/2020,Hong Kong,Hong Kong,2020-04-25 06:31:19,1035,4,725
18824,04/25/2020,Hong Kong,Hong Kong,2020-04-26 02:31:18,1037,4,753
19145,04/26/2020,Hong Kong,Hong Kong,2020-04-27 02:31:20,1037,4,772
19467,04/27/2020,Hong Kong,Hong Kong,2020-04-28 02:31:20,1037,4,787
19792,04/28/2020,Hong Kong,Hong Kong,2020-04-29 02:32:29,1037,4,811
20117,04/29/2020,Hong Kong,Hong Kong,2020-04-30 02:32:27,1037,4,830
20444,04/30/2020,Hong Kong,Hong Kong,2020-05-01 02:32:28,1037,4,846
20771,05/01/2020,Hong Kong,Hong Kong,2020-05-02 02:32:27,1039,4,859
21098,05/02/2020,Hong Kong,Hong Kong,2020-05-03 02:32:28,1039,4,864
21425,05/03/2020,Hong Kong,Hong Kong,2020-05-04 02:32:28,1039,4,879
21752,05/04/2020,Hong Kong,Hong Kong,2020-05-05 02:32:34,1040,4,900
22079,05/05/2020,Hong Kong,Hong Kong,2020-05-06 02:32:31,1040,4,920
22406,05/06/2020,Hong Kong,Hong Kong,2021-04-02 15:13:53,1040,4,932
22733,05/07/2020,Hong Kong,Hong Kong,2021-04-02 15:13:53,1044,4,944
23060,05/08/2020,Hong Kong,Hong Kong,2021-04-02 15:13:53,1044,4,960
23387,05/09/2020,Hong Kong,Hong Kong,2021-04-02 15:13:53,1044,4,967
23714,05/10/2020,Hong Kong,Hong Kong,2021-04-02 15:13:53,1047,4,982
24041,05/11/2020,Hong Kong,Hong Kong,2021-04-02 15:13:53,1047,4,985
24368,05/12/2020,Hong Kong,Hong Kong,2021-04-02 15:13:53,1047,4,991
24696,05/13/2020,Hong Kong,Hong Kong,2021-04-02 15:13:53,1050,4,1008
25047,05/14/2020,Hong Kong,Hong Kong,2021-04-02 15:13:53,1051,4,1009
25428,05/15/2020,Hong Kong,Hong Kong,2021-04-02 15:13:53,1052,4,1019
25809,05/16/2020,Hong Kong,Hong Kong,2021-04-02 15:13:53,1052,4,1022
26190,05/17/2020,Hong Kong,Hong Kong,2021-04-02 15:13:53,1055,4,1024
26571,05/18/2020,Hong Kong,Hong Kong,2021-04-02 15:13:53,1055,4,1025
26952,05/19/2020,Hong Kong,Hong Kong,2021-04-02 15:13:53,1055,4,1025
27360,05/20/2020,Hong Kong,Hong Kong,2021-04-02 15:13:53,1055,4,1025
27816,05/21/2020,Hong Kong,Hong Kong,2021-04-02 15:13:53,1055,4,1025
28272,05/22/2020,Hong Kong,Hong Kong,2021-04-02 15:13:53,1065,4,1029
28728,05/23/2020,Hong Kong,Hong Kong,2021-04-02 15:13:53,1065,4,1029
29184,05/24/2020,Hong Kong,Hong Kong,2021-04-02 15:13:53,1065,4,1030
29640,05/25/2020,Hong Kong,Hong Kong,2021-04-02 15:13:53,1065,4,1030
30096,05/26/2020,Hong Kong,Hong Kong,2021-04-02 15:13:53,1065,4,1033
30552,05/27/2020,Hong Kong,Hong Kong,2021-04-02 15:13:53,1066,4,1034
31040,05/28/2020,Hong Kong,Hong Kong,2021-04-02 15:13:53,1066,4,1035
31598,05/29/2020,Hong Kong,Hong Kong,2021-04-02 15:13:53,1079,4,1035
32156,05/30/2020,Hong Kong,Hong Kong,2021-04-02 15:13:53,1082,4,1036
32715,05/31/2020,Hong Kong,Hong Kong,2021-04-02 15:13:53,1084,4,1037
33293,06/01/2020,Hong Kong,Hong Kong,2021-04-02 15:13:53,1087,4,1037
33960,06/02/2020,Hong Kong,Hong Kong,2021-04-02 15:13:53,1093,4,1038
34628,06/03/2020,Hong Kong,Hong Kong,2021-04-02 15:13:53,1093,4,1039
35296,06/04/2020,Hong Kong,Hong Kong,2021-04-02 15:13:53,1099,4,1042
35968,06/05/2020,Hong Kong,Hong Kong,2021-04-02 15:13:53,1102,4,1045
36656,06/06/2020,Hong Kong,Hong Kong,2021-04-02 15:13:53,1105,4,1048
37344,06/07/2020,Hong Kong,Hong Kong,2021-04-02 15:13:53,1106,4,1049
38033,06/08/2020,Hong Kong,Hong Kong,2021-04-02 15:13:53,1107,4,1049
38721,06/09/2020,Hong Kong,Hong Kong,2021-04-02 15:13:53,1107,4,1050
39423,06/10/2020,Hong Kong,Hong Kong,2021-04-02 15:13:53,1107,4,1051
40152,06/11/2020,Hong Kong,Hong Kong,2021-04-02 15:13:53,1107,4,1055
40885,06/12/2020,Hong Kong,Hong Kong,2021-04-02 15:13:53,1108,4,1060
41618,06/13/2020,Hong Kong,Hong Kong,2021-04-02 15:13:53,1109,4,1061
42351,06/14/2020,Hong Kong,Hong Kong,2021-04-02 15:13:53,1109,4,1067
43084,06/15/2020,Hong Kong,Hong Kong,2021-04-02 15:13:53,1112,4,1067
43817,06/16/2020,Hong Kong,Hong Kong,2021-04-02 15:13:53,1112,4,1069
44550,06/17/2020,Hong Kong,Hong Kong,2021-04-02 15:13:53,1120,4,1071
45283,06/18/2020,Hong Kong,Hong Kong,2021-04-02 15:13:53,1124,4,1072
46016,06/19/2020,Hong Kong,Hong Kong,2021-04-02 15:13:53,1124,4,1072
46749,06/20/2020,Hong Kong,Hong Kong,2021-04-02 15:13:53,1128,5,1077
47482,06/21/2020,Hong Kong,Hong Kong,2021-04-02 15:13:53,1131,5,1078
48215,06/22/2020,Hong Kong,Hong Kong,2021-04-02 15:13:53,1161,5,1078
48948,06/23/2020,Hong Kong,Hong Kong,2021-04-02 15:13:53,1177,6,1083
49681,06/24/2020,Hong Kong,Hong Kong,2021-04-02 15:13:53,1179,6,1086
50414,06/25/2020,Hong Kong,Hong Kong,2021-04-02 15:13:53,1193,7,1088
51147,06/26/2020,Hong Kong,Hong Kong,2021-04-02 15:13:53,1196,7,1091
51880,06/27/2020,Hong Kong,Hong Kong,2021-04-02 15:13:53,1197,7,1095
52613,06/28/2020,Hong Kong,Hong Kong,2021-04-02 15:13:53,1199,7,1104
53346,06/29/2020,Hong Kong,Hong Kong,2021-04-02 15:13:53,1203,7,1105
54079,06/30/2020,Hong Kong,Hong Kong,2021-04-02 15:13:53,1205,7,1107
54812,07/01/2020,Hong Kong,Hong Kong,2021-04-02 15:13:53,1233,7,1117
55545,07/02/2020,Hong Kong,Hong Kong,2021-04-02 15:13:53,1242,7,1120
56278,07/03/2020,Hong Kong,Hong Kong,2021-04-02 15:13:53,1247,7,1125
57011,07/04/2020,Hong Kong,Hong Kong,2021-04-02 15:13:53,1258,7,1145
57744,07/05/2020,Hong Kong,Hong Kong,2021-04-02 15:13:53,1268,7,1156
58477,07/06/2020,Hong Kong,Hong Kong,2021-04-02 15:13:53,1285,7,1157
59210,07/07/2020,Hong Kong,Hong Kong,2021-04-02 15:13:53,1299,7,1161
59943,07/08/2020,Hong Kong,Hong Kong,2021-04-02 15:13:53,1323,7,1167
60676,07/09/2020,Hong Kong,Hong Kong,2021-04-02 15:13:53,1365,7,1167
61409,07/10/2020,Hong Kong,Hong Kong,2021-04-02 15:13:53,1365,7,1167
62142,07/11/2020,Hong Kong,Hong Kong,2021-04-02 15:13:53,1431,7,1197
62875,07/12/2020,Hong Kong,Hong Kong,2021-04-02 15:13:53,1469,7,1214
63608,07/13/2020,Hong Kong,Hong Kong,2021-04-02 15:13:53,1469,7,1214
64341,07/14/2020,Hong Kong,Hong Kong,2021-04-02 15:13:53,1569,8,1229
65074,07/15/2020,Hong Kong,Hong Kong,2021-04-02 15:13:53,1588,10,1241
65807,07/16/2020,Hong Kong,Hong Kong,2021-04-02 15:13:53,1655,10,1254
66544,07/17/2020,Hong Kong,Hong Kong,2021-04-02 15:13:53,1655,10,1254
67289,07/18/2020,Hong Kong,Hong Kong,2021-04-02 15:13:53,1655,10,1254
68035,07/19/2020,Hong Kong,Hong Kong,2021-04-02 15:13:53,1655,10,1254
68781,07/20/2020,Hong Kong,Hong Kong,2021-04-02 15:13:53,1655,10,1254
69527,07/21/2020,Hong Kong,Hong Kong,2021-04-02 15:13:53,1655,10,1254
70273,07/22/2020,Hong Kong,Hong Kong,2021-04-02 15:13:53,2131,14,1344
71019,07/23/2020,Hong Kong,Hong Kong,2021-04-02 15:13:53,2249,15,1379
71765,07/24/2020,Hong Kong,Hong Kong,2021-04-02 15:13:53,2372,16,1407
72511,07/25/2020,Hong Kong,Hong Kong,2021-04-02 15:13:53,2505,18,1455
73257,07/26/2020,Hong Kong,Hong Kong,2021-04-02 15:13:53,2633,18,1495
74003,07/27/2020,Hong Kong,Hong Kong,2021-04-02 15:13:53,2778,22,1486
74749,07/28/2020,Hong Kong,Hong Kong,2021-04-02 15:13:53,2884,23,1527
75496,07/29/2020,Hong Kong,Hong Kong,2021-04-02 15:13:53,3002,24,1591
76243,07/30/2020,Hong Kong,Hong Kong,2021-04-02 15:13:53,3151,25,1660
76990,07/31/2020,Hong Kong,Hong Kong,2021-04-02 15:13:53,3272,27,1751
77737,08/01/2020,Hong Kong,Hong Kong,2021-04-02 15:13:53,3396,33,1858
78484,08/02/2020,Hong Kong,Hong Kong,2021-04-02 15:13:53,3511,35,1959
79231,08/03/2020,Hong Kong,Hong Kong,2021-04-02 15:13:53,3589,38,2037
79978,08/04/2020,Hong Kong,Hong Kong,2021-04-02 15:13:53,3669,42,2141
80725,08/05/2020,Hong Kong,Hong Kong,2021-04-02 15:13:53,3754,43,2314
81472,08/06/2020,Hong Kong,Hong Kong,2021-04-02 15:13:53,3849,46,2458
82219,08/07/2020,Hong Kong,Hong Kong,2021-04-02 15:13:53,3938,47,2620
82966,08/08/2020,Hong Kong,Hong Kong,2021-04-02 15:13:53,4007,47,2755
83713,08/09/2020,Hong Kong,Hong Kong,2021-04-02 15:13:53,4079,52,2847
84460,08/10/2020,Hong Kong,Hong Kong,2021-04-02 15:13:53,4148,55,2917
85207,08/11/2020,Hong Kong,Hong Kong,2021-04-02 15:13:53,4181,59,3052
85953,08/12/2020,Hong Kong,Hong Kong,2021-04-02 15:13:53,4243,63,3189
86699,08/13/2020,Hong Kong,Hong Kong,2021-04-02 15:13:53,4312,66,3295
87445,08/14/2020,Hong Kong,Hong Kong,2021-04-02 15:13:53,4360,67,3392
88191,08/15/2020,Hong Kong,Hong Kong,2021-04-02 15:13:53,4406,69,3488
88937,08/16/2020,Hong Kong,Hong Kong,2021-04-02 15:13:53,4480,69,3549
89683,08/17/2020,Hong Kong,Hong Kong,2021-04-02 15:13:53,4524,69,3599
90429,08/18/2020,Hong Kong,Hong Kong,2021-04-02 15:13:53,4560,71,3677
91175,08/19/2020,Hong Kong,Hong Kong,2021-04-02 15:13:53,4586,72,3779
91921,08/20/2020,Hong Kong,Hong Kong,2021-04-02 15:13:53,4604,75,3827
92667,08/21/2020,Hong Kong,Hong Kong,2021-04-02 15:13:53,4631,75,3900
93413,08/22/2020,Hong Kong,Hong Kong,2021-04-02 15:13:53,4657,77,3974
94159,08/23/2020,Hong Kong,Hong Kong,2021-04-02 15:13:53,4682,77,4018
94905,08/24/2020,Hong Kong,Hong Kong,2021-04-02 15:13:53,4691,77,4052
95651,08/25/2020,Hong Kong,Hong Kong,2021-04-02 15:13:53,4710,78,4108
96397,08/26/2020,Hong Kong,Hong Kong,2021-04-02 15:13:53,4734,79,4161
97143,08/27/2020,Hong Kong,Hong Kong,2021-04-02 15:13:53,4755,81,4200
97889,08/28/2020,Hong Kong,Hong Kong,2021-04-02 15:13:53,4768,84,4249
98635,08/29/2020,Hong Kong,Hong Kong,2021-04-02 15:13:53,4786,87,4287
99381,08/30/2020,Hong Kong,Hong Kong,2021-04-02 15:13:53,4801,88,4320
100127,08/31/2020,Hong Kong,Hong Kong,2021-04-02 15:13:53,4810,89,4342
100873,09/01/2020,Hong Kong,Hong Kong,2021-04-02 15:13:53,4822,90,4380
101619,09/02/2020,Hong Kong,Hong Kong,2021-04-02 15:13:53,4830,93,4401
102365,09/03/2020,Hong Kong,Hong Kong,2021-04-02 15:13:53,4838,94,4431
103111,09/04/2020,Hong Kong,Hong Kong,2021-04-02 15:13:53,4850,94,4456
103857,09/05/2020,Hong Kong,Hong Kong,2021-04-02 15:13:53,4857,94,4493
104603,09/06/2020,Hong Kong,Hong Kong,2021-04-02 15:13:53,4878,96,4511
105349,09/07/2020,Hong Kong,Hong Kong,2021-04-02 15:13:53,4889,98,4524
106095,09/08/2020,Hong Kong,Hong Kong,2021-04-02 15:13:53,4895,99,4543
106841,09/09/2020,Hong Kong,Hong Kong,2021-04-02 15:13:53,4901,99,4557
107587,09/10/2020,Hong Kong,Hong Kong,2021-04-02 15:13:53,4913,99,4582
108333,09/11/2020,Hong Kong,Hong Kong,2021-04-02 15:13:53,4925,99,4598
109079,09/12/2020,Hong Kong,Hong Kong,2021-04-02 15:13:53,4938,100,4613
109825,09/13/2020,Hong Kong,Hong Kong,2021-04-02 15:13:53,4957,100,4630
110571,09/14/2020,Hong Kong,Hong Kong,2021-04-02 15:13:53,4971,101,4635
111317,09/15/2020,Hong Kong,Hong Kong,2021-04-02 15:13:53,4975,102,4646
112063,09/16/2020,Hong Kong,Hong Kong,2021-04-02 15:13:53,4984,102,4663
112809,09/17/2020,Hong Kong,Hong Kong,2021-04-02 15:13:53,4993,102,4682
113555,09/18/2020,Hong Kong,Hong Kong,2021-04-02 15:13:53,4996,103,4696
114301,09/19/2020,Hong Kong,Hong Kong,2021-04-02 15:13:53,5009,103,4708
115047,09/20/2020,Hong Kong,Hong Kong,2021-04-02 15:13:53,5032,103,4712
115793,09/21/2020,Hong Kong,Hong Kong,2021-04-02 15:13:53,5038,103,4717
116540,09/22/2020,Hong Kong,Hong Kong,2021-04-02 15:13:53,5046,103,4729
117287,09/23/2020,Hong Kong,Hong Kong,2021-04-02 15:13:53,5049,104,4749
118034,09/24/2020,Hong Kong,Hong Kong,2021-04-02 15:13:53,5056,104,4758
118781,09/25/2020,Hong Kong,Hong Kong,2021-04-02 15:13:53,5058,105,4765
119528,09/26/2020,Hong Kong,Hong Kong,2021-04-02 15:13:53,5059,105,4777
120275,09/27/2020,Hong Kong,Hong Kong,2021-04-02 15:13:53,5065,105,4786
121022,09/28/2020,Hong Kong,Hong Kong,2021-04-02 15:13:53,5075,105,4790
121769,09/29/2020,Hong Kong,Hong Kong,2021-04-02 15:13:53,5079,105,4807
122516,09/30/2020,Hong Kong,Hong Kong,2021-04-02 15:13:53,5087,105,4827
123263,10/01/2020,Hong Kong,Hong Kong,2021-04-02 15:13:53,5097,105,4837
124010,10/02/2020,Hong Kong,Hong Kong,2021-04-02 15:13:53,5104,105,4843
124757,10/03/2020,Hong Kong,Hong Kong,2021-04-02 15:13:53,5108,105,4849
125504,10/04/2020,Hong Kong,Hong Kong,2021-04-02 15:13:53,5113,105,4861
126251,10/05/2020,Hong Kong,Hong Kong,2021-04-02 15:13:53,5124,105,4864
126998,10/06/2020,Hong Kong,Hong Kong,2021-04-02 15:13:53,5132,105,4875
127745,10/07/2020,Hong Kong,Hong Kong,2021-04-02 15:13:53,5143,105,4885
128492,10/08/2020,Hong Kong,Hong Kong,2021-04-02 15:13:53,5161,105,4890
129239,10/09/2020,Hong Kong,Hong Kong,2021-04-02 15:13:53,5169,105,4906
129986,10/10/2020,Hong Kong,Hong Kong,2021-04-02 15:13:53,5175,105,4914
130733,10/11/2020,Hong Kong,Hong Kong,2021-04-02 15:13:53,5182,105,4919
131481,10/12/2020,Hong Kong,Hong Kong,2021-04-02 15:13:53,5193,105,4921
132229,10/13/2020,Hong Kong,Hong Kong,2021-04-02 15:13:53,5201,105,4931
132977,10/14/2020,Hong Kong,Hong Kong,2021-04-02 15:13:53,5201,105,4932
133725,10/15/2020,Hong Kong,Hong Kong,2021-04-02 15:13:53,5213,105,4943
134473,10/16/2020,Hong Kong,Hong Kong,2021-04-02 15:13:53,5220,105,4951
135221,10/17/2020,Hong Kong,Hong Kong,2021-04-02 15:13:53,5237,105,4963
135969,10/18/2020,Hong Kong,Hong Kong,2021-04-02 15:13:53,5241,105,4973
136717,10/19/2020,Hong Kong,Hong Kong,2021-04-02 15:13:53,5256,105,4982
137465,10/20/2020,Hong Kong,Hong Kong,2021-04-02 15:13:53,5261,105,4996
138213,10/21/2020,Hong Kong,Hong Kong,2021-04-02 15:13:53,5269,105,5004
138961,10/22/2020,Hong Kong,Hong Kong,2021-04-02 15:13:53,5280,105,5019
139709,10/23/2020,Hong Kong,Hong Kong,2021-04-02 15:13:53,5284,105,5029
140457,10/24/2020,Hong Kong,Hong Kong,2021-04-02 15:13:53,5289,105,5041
141205,10/25/2020,Hong Kong,Hong Kong,2021-04-02 15:13:53,5295,105,5047
141953,10/26/2020,Hong Kong,Hong Kong,2021-04-02 15:13:53,5303,105,5050
142701,10/27/2020,Hong Kong,Hong Kong,2021-04-02 15:13:53,5308,105,5053
143450,10/28/2020,Hong Kong,Hong Kong,2021-04-02 15:13:53,5310,105,5063
144199,10/29/2020,Hong Kong,Hong Kong,2021-04-02 15:13:53,5313,105,5073
144948,10/30/2020,Hong Kong,Hong Kong,2021-04-02 15:13:53,5320,105,5082
145697,10/31/2020,Hong Kong,Hong Kong,2021-04-02 15:13:53,5323,105,5089
146446,11/01/2020,Hong Kong,Hong Kong,2021-04-02 15:13:53,5330,105,5096
147195,11/02/2020,Hong Kong,Hong Kong,2021-04-02 15:13:53,5336,105,5102
147944,11/03/2020,Hong Kong,Hong Kong,2021-04-02 15:13:53,5345,105,5109
148693,11/04/2020,Hong Kong,Hong Kong,2021-04-02 15:13:53,5348,106,5118
149442,11/05/2020,Hong Kong,Hong Kong,2021-04-02 15:13:53,5355,107,5126
150191,11/06/2020,Hong Kong,Hong Kong,2021-04-02 15:13:53,5361,107,5131
150940,11/07/2020,Hong Kong,Hong Kong,2021-04-02 15:13:53,5364,107,5139
151689,11/08/2020,Hong Kong,Hong Kong,2021-04-02 15:13:53,5374,107,5144
152438,11/09/2020,Hong Kong,Hong Kong,2021-04-02 15:13:53,5380,107,5146
153188,11/10/2020,Hong Kong,Hong Kong,2021-04-02 15:13:53,5389,108,5153
153938,11/11/2020,Hong Kong,Hong Kong,2021-04-02 15:13:53,5407,108,5159
154692,11/12/2020,Hong Kong,Hong Kong,2021-04-02 15:13:53,5430,108,5170
155454,11/13/2020,Hong Kong,Hong Kong,2021-04-02 15:13:53,5436,108,5177
156216,11/14/2020,Hong Kong,Hong Kong,2021-04-02 15:13:53,5444,108,5187
156978,11/15/2020,Hong Kong,Hong Kong,2021-04-02 15:13:53,5458,108,5194
157740,11/16/2020,Hong Kong,Hong Kong,2021-04-02 15:13:53,5466,108,5198
158502,11/17/2020,Hong Kong,Hong Kong,2021-04-02 15:13:53,5470,108,5212
159264,11/18/2020,Hong Kong,Hong Kong,2021-04-02 15:13:53,5479,108,5224
160026,11/19/2020,Hong Kong,Hong Kong,2021-04-02 15:13:53,5491,108,5233
160788,11/20/2020,Hong Kong,Hong Kong,2021-04-02 15:13:53,5517,108,5239
161550,11/21/2020,Hong Kong,Hong Kong,2021-04-02 15:13:53,5560,108,5248
162312,11/22/2020,Hong Kong,Hong Kong,2021-04-02 15:13:53,5628,108,5259
163074,11/23/2020,Hong Kong,Hong Kong,2021-04-02 15:13:53,5701,108,5267
163836,11/24/2020,Hong Kong,Hong Kong,2021-04-02 15:13:53,5781,108,5274
164599,11/25/2020,Hong Kong,Hong Kong,2021-04-02 15:13:53,5866,108,5295
165362,11/26/2020,Hong Kong,Hong Kong,2021-04-02 15:13:53,5947,108,5300
166125,11/27/2020,Hong Kong,Hong Kong,2021-04-02 15:13:53,6039,108,5313
166888,11/28/2020,Hong Kong,Hong Kong,2021-04-02 15:13:53,6123,109,5328
167651,11/29/2020,Hong Kong,Hong Kong,2021-04-02 15:13:53,6238,109,5340
168414,11/30/2020,Hong Kong,Hong Kong,2021-04-02 15:13:53,6314,109,5344
169177,12/01/2020,Hong Kong,Hong Kong,2021-04-02 15:13:53,6396,109,5361
169940,12/02/2020,Hong Kong,Hong Kong,2021-04-02 15:13:53,6499,110,5394
170703,12/03/2020,Hong Kong,Hong Kong,2021-04-02 15:13:53,6589,111,5423
171466,12/04/2020,Hong Kong,Hong Kong,2021-04-02 15:13:53,6701,112,5465
172229,12/05/2020,Hong Kong,Hong Kong,2021-04-02 15:13:53,6802,112,5511
172992,12/06/2020,Hong Kong,Hong Kong,2021-04-02 15:13:53,6897,112,5567
173755,12/07/2020,Hong Kong,Hong Kong,2021-04-02 15:13:53,6975,112,5626
174518,12/08/2020,Hong Kong,Hong Kong,2021-04-02 15:13:53,7075,112,5696
175281,12/09/2020,Hong Kong,Hong Kong,2021-04-02 15:13:53,7179,114,5783
176044,12/10/2020,Hong Kong,Hong Kong,2021-04-02 15:13:53,7291,114,5900
176807,12/11/2020,Hong Kong,Hong Kong,2021-04-02 15:13:53,7377,114,5996
177570,12/12/2020,Hong Kong,Hong Kong,2021-04-02 15:13:53,7446,115,6114
178333,12/13/2020,Hong Kong,Hong Kong,2021-04-02 15:13:53,7541,117,6202
179096,12/14/2020,Hong Kong,Hong Kong,2021-04-02 15:13:53,7623,120,6266
179859,12/15/2020,Hong Kong,Hong Kong,2021-04-02 15:13:53,7721,123,6345
180622,12/16/2020,Hong Kong,Hong Kong,2021-04-02 15:13:53,7803,123,6439
181385,12/17/2020,Hong Kong,Hong Kong,2021-04-02 15:13:53,7899,125,6534
182148,12/18/2020,Hong Kong,Hong Kong,2021-04-02 15:13:53,7969,129,6628
182911,12/19/2020,Hong Kong,Hong Kong,2021-04-02 15:13:53,8078,129,6737
183674,12/20/2020,Hong Kong,Hong Kong,2021-04-02 15:13:53,8152,130,6837
184437,12/21/2020,Hong Kong,Hong Kong,2021-04-02 15:13:53,8237,131,6910
185200,12/22/2020,Hong Kong,Hong Kong,2021-04-02 15:13:53,8300,132,6995
185963,12/23/2020,Hong Kong,Hong Kong,2021-04-02 15:13:53,8353,133,7112
186726,12/24/2020,Hong Kong,Hong Kong,2021-04-02 15:13:53,8424,135,7203
187489,12/25/2020,Hong Kong,Hong Kong,2021-04-02 15:13:53,8481,136,7317
188252,12/26/2020,Hong Kong,Hong Kong,2021-04-02 15:13:53,8540,136,7394
189015,12/27/2020,Hong Kong,Hong Kong,2021-04-02 15:13:53,8610,137,7474
189778,12/28/2020,Hong Kong,Hong Kong,2021-04-02 15:13:53,8671,141,7526
190541,12/29/2020,Hong Kong,Hong Kong,2021-04-02 15:13:53,8724,143,7616
191304,12/30/2020,Hong Kong,Hong Kong,2021-04-02 15:13:53,8778,147,7722
192067,12/31/2020,Hong Kong,Hong Kong,2021-04-02 15:13:53,8846,148,7813
192830,01/01/2021,Hong Kong,Hong Kong,2021-04-02 15:13:53,8888,148,7912
193593,01/02/2021,Hong Kong,Hong Kong,2021-04-02 15:13:53,8923,150,7968
194356,01/03/2021,Hong Kong,Hong Kong,2021-04-02 15:13:53,8964,150,8011
195120,01/04/2021,Hong Kong,Hong Kong,2021-04-02 15:13:53,9017,153,8055
195884,01/05/2021,Hong Kong,Hong Kong,2021-04-02 15:13:53,9049,153,8127
196648,01/06/2021,Hong Kong,Hong Kong,2021-04-02 15:13:53,9074,154,8201
197412,01/07/2021,Hong Kong,Hong Kong,2021-04-02 15:13:53,9107,154,8258
198176,01/08/2021,Hong Kong,Hong Kong,2021-04-02 15:13:53,9152,155,8307
198940,01/09/2021,Hong Kong,Hong Kong,2021-04-02 15:13:53,9211,157,8374
199704,01/10/2021,Hong Kong,Hong Kong,2021-04-02 15:13:53,9242,158,8423
200468,01/11/2021,Hong Kong,Hong Kong,2021-04-02 15:13:53,9283,159,8468
201232,01/12/2021,Hong Kong,Hong Kong,2021-04-02 15:13:53,9343,160,8524
201996,01/13/2021,Hong Kong,Hong Kong,2021-04-02 15:13:53,9385,161,8584
202760,01/14/2021,Hong Kong,Hong Kong,2021-04-02 15:13:53,9414,161,8631
203524,01/15/2021,Hong Kong,Hong Kong,2021-04-02 15:13:53,9452,161,8684
204288,01/16/2021,Hong Kong,Hong Kong,2021-04-02 15:13:53,9502,162,8724
205052,01/17/2021,Hong Kong,Hong Kong,2021-04-02 15:13:53,9557,162,8758
205816,01/18/2021,Hong Kong,Hong Kong,2021-04-02 15:13:53,9664,163,8786
206580,01/19/2021,Hong Kong,Hong Kong,2021-04-02 15:13:53,9720,165,8828
207344,01/20/2021,Hong Kong,Hong Kong,2021-04-02 15:13:53,9797,166,8865
208109,01/21/2021,Hong Kong,Hong Kong,2021-04-02 15:13:53,9928,168,8865
208874,01/22/2021,Hong Kong,Hong Kong,2021-04-02 15:13:53,9928,168,8948
209639,01/23/2021,Hong Kong,Hong Kong,2021-04-02 15:13:53,10009,168,8998
210404,01/24/2021,Hong Kong,Hong Kong,2021-04-02 15:13:53,10085,169,9034
211169,01/25/2021,Hong Kong,Hong Kong,2021-04-02 15:13:53,10158,171,9056
211934,01/26/2021,Hong Kong,Hong Kong,2021-04-02 15:13:53,10222,173,9101
212699,01/27/2021,Hong Kong,Hong Kong,2021-04-02 15:13:53,10282,175,9162
213464,01/28/2021,Hong Kong,Hong Kong,2021-04-02 15:13:53,10321,177,9239
214229,01/29/2021,Hong Kong,Hong Kong,2021-04-02 15:13:53,10371,178,9302
214994,01/30/2021,Hong Kong,Hong Kong,2021-04-02 15:13:53,10399,179,9362
215759,01/31/2021,Hong Kong,Hong Kong,2021-04-02 15:13:53,10452,181,9423
216524,02/01/2021,Hong Kong,Hong Kong,2021-04-02 15:13:53,10486,182,9474
217289,02/02/2021,Hong Kong,Hong Kong,2021-04-02 15:13:53,10511,184,9549
218054,02/03/2021,Hong Kong,Hong Kong,2021-04-02 15:13:53,10530,185,9633
218819,02/04/2021,Hong Kong,Hong Kong,2021-04-02 15:13:53,10552,186,9684
219584,02/05/2021,Hong Kong,Hong Kong,2021-04-02 15:13:53,10589,186,9750
220349,02/06/2021,Hong Kong,Hong Kong,2021-04-02 15:13:53,10608,186,9828
221114,02/07/2021,Hong Kong,Hong Kong,2021-04-02 15:13:53,10635,186,9887
221879,02/08/2021,Hong Kong,Hong Kong,2021-04-02 15:13:53,10667,186,9918
222644,02/09/2021,Hong Kong,Hong Kong,2021-04-02 15:13:53,10693,188,9976
223409,02/10/2021,Hong Kong,Hong Kong,2021-04-02 15:13:53,10710,189,10022
224174,02/11/2021,Hong Kong,Hong Kong,2021-04-02 15:13:53,10731,191,10077
224939,02/12/2021,Hong Kong,Hong Kong,2021-04-02 15:13:53,10755,192,10136
225704,02/13/2021,Hong Kong,Hong Kong,2021-04-02 15:13:53,10767,193,10160
226469,02/14/2021,Hong Kong,Hong Kong,2021-04-02 15:13:53,10779,193,10185
227234,02/15/2021,Hong Kong,Hong Kong,2021-04-02 15:13:53,10788,193,10207
227999,02/16/2021,Hong Kong,Hong Kong,2021-04-02 15:13:53,10796,195,10232
228764,02/17/2021,Hong Kong,Hong Kong,2021-04-02 15:13:53,10812,197,10270
229529,02/18/2021,Hong Kong,Hong Kong,2021-04-02 15:13:53,10820,197,10298
230294,02/19/2021,Hong Kong,Hong Kong,2021-04-02 15:13:53,10833,197,10329
231059,02/20/2021,Hong Kong,Hong Kong,2021-04-02 15:13:53,10848,197,10362
231824,02/21/2021,Hong Kong,Hong Kong,2021-04-02 15:13:53,10868,197,10389
232589,02/22/2021,Hong Kong,Hong Kong,2021-04-02 15:13:53,10884,197,10404
233354,02/23/2021,Hong Kong,Hong Kong,2021-04-02 15:13:53,10896,197,10427
234119,02/24/2021,Hong Kong,Hong Kong,2021-04-02 15:13:53,10913,198,10461
234884,02/25/2021,Hong Kong,Hong Kong,2021-04-02 15:13:53,10926,198,10474
235649,02/26/2021,Hong Kong,Hong Kong,2021-04-02 15:13:53,10950,198,10493
236414,02/27/2021,Hong Kong,Hong Kong,2021-04-02 15:13:53,10983,198,10519
237179,02/28/2021,Hong Kong,Hong Kong,2021-04-02 15:13:53,11005,199,10536
237944,03/01/2021,Hong Kong,Hong Kong,2021-04-02 15:13:53,11019,200,10547
238709,03/02/2021,Hong Kong,Hong Kong,2021-04-02 15:13:53,11032,200,10563
239474,03/03/2021,Hong Kong,Hong Kong,2021-04-02 15:13:53,11046,200,10578
240239,03/04/2021,Hong Kong,Hong Kong,2021-04-02 15:13:53,11055,201,10593
241004,03/05/2021,Hong Kong,Hong Kong,2021-04-02 15:13:53,11066,201,10604
241769,03/06/2021,Hong Kong,Hong Kong,2021-04-02 15:13:53,11074,202,10622
242534,03/07/2021,Hong Kong,Hong Kong,2021-04-02 15:13:53,11090,202,10629
243299,03/08/2021,Hong Kong,Hong Kong,2021-04-02 15:13:53,11099,202,10636
244064,03/09/2021,Hong Kong,Hong Kong,2021-04-02 15:13:53,11120,202,10662
244829,03/10/2021,Hong Kong,Hong Kong,2021-04-02 15:13:53,11128,203,10675
245594,03/11/2021,Hong Kong,Hong Kong,2021-04-02 15:13:53,11150,203,10694
246359,03/12/2021,Hong Kong,Hong Kong,2021-04-02 15:13:53,11210,203,10711
247124,03/13/2021,Hong Kong,Hong Kong,2021-04-02 15:13:53,11257,203,10738
247889,03/14/2021,Hong Kong,Hong Kong,2021-04-02 15:13:53,11281,203,10754
248654,03/15/2021,Hong Kong,Hong Kong,2021-04-02 15:13:53,11311,203,10769
249419,03/16/2021,Hong Kong,Hong Kong,2021-04-02 15:13:53,11329,203,10786
250184,03/17/2021,Hong Kong,Hong Kong,2021-04-02 15:13:53,11340,203,10809
250949,03/18/2021,Hong Kong,Hong Kong,2021-04-02 15:13:53,11350,203,10824
251714,03/19/2021,Hong Kong,Hong Kong,2021-04-02 15:13:53,11363,203,10837
252479,03/20/2021,Hong Kong,Hong Kong,2021-04-02 15:13:53,11371,203,10863
253244,03/21/2021,Hong Kong,Hong Kong,2021-04-02 15:13:53,11379,203,10875
254009,03/22/2021,Hong Kong,Hong Kong,2021-04-02 15:13:53,11397,203,10901
254774,03/23/2021,Hong Kong,Hong Kong,2021-04-02 15:13:53,11409,204,10936
255539,03/24/2021,Hong Kong,Hong Kong,2021-04-02 15:13:53,11419,204,10963
256304,03/25/2021,Hong Kong,Hong Kong,2021-04-02 15:13:53,11428,204,10994
257069,03/26/2021,Hong Kong,Hong Kong,2021-04-02 15:13:53,11439,205,11023
257834,03/27/2021,Hong Kong,Hong Kong,2021-04-02 15:13:53,11445,205,11040
258599,03/28/2021,Hong Kong,Hong Kong,2021-04-02 15:13:53,11446,205,11040
259364,03/29/2021,Hong Kong,Hong Kong,2021-04-02 15:13:53,11454,205,11075
260129,03/30/2021,Hong Kong,Hong Kong,2021-04-02 15:13:53,11461,205,11085
260894,03/31/2021,Hong Kong,Hong Kong,2021-04-02 15:13:53,11467,205,11095
261659,04/01/2021,Hong Kong,Hong Kong,2021-04-02 15:13:53,11480,205,11108
262424,04/02/2021,Hong Kong,Hong Kong,2021-04-03 04:20:44,11499,205,11122
263189,04/03/2021,Hong Kong,Hong Kong,2021-04-04 04:20:49,11501,205,11133
263954,04/04/2021,Hong Kong,Hong Kong,2021-04-05 04:20:35,11508,205,11139
264719,04/05/2021,Hong Kong,Hong Kong,2021-04-06 04:20:32,11524,205,11145
265484,04/06/2021,Hong Kong,Hong Kong,2021-04-07 04:20:53,11531,205,11155
266249,04/07/2021,Hong Kong,Hong Kong,2021-04-08 04:21:13,11539,205,11163
267014,04/08/2021,Hong Kong,Hong Kong,2021-04-09 04:21:13,11549,205,11174
267779,04/09/2021,Hong Kong,Hong Kong,2021-04-10 04:20:59,11563,207,11186
268544,04/10/2021,Hong Kong,Hong Kong,2021-04-11 04:20:56,11568,207,11193
269309,04/11/2021,Hong Kong,Hong Kong,2021-04-12 04:21:00,11581,207,11206
270074,04/12/2021,Hong Kong,Hong Kong,2021-04-13 04:20:37,11594,207,11214
270839,04/13/2021,Hong Kong,Hong Kong,2021-04-14 04:20:41,11607,208,11227
271604,04/14/2021,Hong Kong,Hong Kong,2021-04-15 04:20:54,11612,209,11237
272369,04/15/2021,Hong Kong,Hong Kong,2021-04-16 04:20:46,11618,209,11246
273134,04/16/2021,Hong Kong,Hong Kong,2021-04-17 04:20:40,11635,209,11253
273899,04/17/2021,Hong Kong,Hong Kong,2021-04-18 04:20:41,11653,209,11258
274664,04/18/2021,Hong Kong,Hong Kong,2021-04-19 04:20:57,11683,209,11270
275429,04/19/2021,Hong Kong,Hong Kong,2021-04-20 04:20:41,11695,209,11274
276194,04/20/2021,Hong Kong,Hong Kong,2021-04-21 04:21:14,11703,209,11287
276959,04/21/2021,Hong Kong,Hong Kong,2021-04-22 04:20:53,11704,209,11302
277724,04/22/2021,Hong Kong,Hong Kong,2021-04-23 04:20:52,11718,209,11316
278489,04/23/2021,Hong Kong,Hong Kong,2021-04-24 04:20:38,11727,209,11325
279254,04/24/2021,Hong Kong,Hong Kong,2021-04-25 04:20:32,11730,209,11340
280019,04/25/2021,Hong Kong,Hong Kong,2021-04-26 04:21:04,11736,209,11354
280784,04/26/2021,Hong Kong,Hong Kong,2021-04-27 04:20:52,11740,209,11363
281549,04/27/2021,Hong Kong,Hong Kong,2021-04-28 04:20:32,11748,209,11379
282314,04/28/2021,Hong Kong,Hong Kong,2021-04-29 04:20:55,11755,209,11392
283079,04/29/2021,Hong Kong,Hong Kong,2021-04-30 04:21:03,11770,209,11404
283844,04/30/2021,Hong Kong,Hong Kong,2021-05-01 04:20:47,11774,209,11416
284609,05/01/2021,Hong Kong,Hong Kong,2021-05-02 04:20:48,11782,210,11432
285374,05/02/2021,Hong Kong,Hong Kong,2021-05-03 04:20:39,11784,210,11445
286139,05/03/2021,Hong Kong,Hong Kong,2021-05-04 04:20:34,11786,210,11447
286904,05/04/2021,Hong Kong,Hong Kong,2021-05-05 04:20:43,11790,210,11451
287669,05/05/2021,Hong Kong,Hong Kong,2021-05-06 04:20:38,11796,210,11462
288434,05/06/2021,Hong Kong,Hong Kong,2021-05-07 04:20:40,11798,210,11468
289199,05/07/2021,Hong Kong,Hong Kong,2021-05-08 04:21:04,11801,210,11473
289964,05/08/2021,Hong Kong,Hong Kong,2021-05-09 04:20:35,11806,210,11486
290729,05/09/2021,Hong Kong,Hong Kong,2021-05-10 04:20:38,11807,210,11493
291494,05/10/2021,Hong Kong,Hong Kong,2021-05-11 04:20:41,11811,210,11496
292259,05/11/2021,Hong Kong,Hong Kong,2021-05-12 04:21:29,11812,210,11503
293024,05/12/2021,Hong Kong,Hong Kong,2021-05-13 04:20:51,11814,210,11505
293789,05/13/2021,Hong Kong,Hong Kong,2021-05-14 04:20:41,11817,210,11511
294554,05/14/2021,Hong Kong,Hong Kong,2021-05-15 04:20:58,11818,210,11516
295319,05/15/2021,Hong Kong,Hong Kong,2021-05-16 04:20:49,11821,210,11522
296084,05/16/2021,Hong Kong,Hong Kong,2021-05-17 04:20:34,11824,210,11525
296849,05/17/2021,Hong Kong,Hong Kong,2021-05-18 04:20:33,11825,210,11531
297614,05/18/2021,Hong Kong,Hong Kong,2021-05-19 04:20:42,11826,210,11535
298379,05/19/2021,Hong Kong,Hong Kong,2021-05-20 04:21:05,11827,210,11539
299144,05/20/2021,Hong Kong,Hong Kong,2021-05-21 04:20:43,11828,210,11542
299909,05/21/2021,Hong Kong,Hong Kong,2021-05-22 04:20:45,11829,210,11547
300674,05/22/2021,Hong Kong,Hong Kong,2021-05-23 04:20:51,11830,210,11550
301439,05/23/2021,Hong Kong,Hong Kong,2021-05-24 04:20:53,11832,210,11553
302204,05/24/2021,Hong Kong,Hong Kong,2021-05-25 04:21:08,11833,210,11556
302969,05/25/2021,Hong Kong,Hong Kong,2021-05-26 04:20:35,11835,210,11560
303734,05/26/2021,Hong Kong,Hong Kong,2021-05-27 04:20:59,11836,210,11561
304499,05/27/2021,Hong Kong,Hong Kong,2021-05-28 04:20:36,11836,210,11561
305264,05/28/2021,Hong Kong,Hong Kong,2021-05-29 04:20:41,11836,210,11565
306029,05/29/2021,Hong Kong,Hong Kong,2021-05-30 04:20:55,11837,210,11571
